from_address,pattern,proxy-class
0xe38c846a8a2727c67968d59d0a5caf01cae86212,"['EOA', 'FA']",Forwarder
0x45d70a0601032a9092eb8bf0b28b395cd789228d,['EOA'],Forwarder
0x7af9e00d74c117bc2a0063bb54c067808e615f86,['EOA'],Upgradeable
0xbeff0f8e5f212d3fb6d65d4da7058585c3021806,['EOA'],Upgradeable
0x92343c1183f5978dd5c091e26e8c3c16aa19105d,"['EOA', 'FA', 'P']",Upgradeable
0x3a6db095a41cfa24b9ca42b4e040f9532ff031ac,"['EOA', 'FA', 'P']",Forwarder
0x07458a1c8f239a7f834de090fe4ce990d5c87a3f,['EOA'],Upgradeable
0xc5bcd962c3617954c838428487561763b3dfb3ed,"['EOA', 'FA']",Forwarder
0xa63636e10a2e60da17dee38a94e34ff8195350b2,"['EOA', 'FA']",Forwarder
0xb2b42d3435da0bede5dfe80541a248fbd008b007,"['EOA', 'FA']",Forwarder
0x59f1d6901ab6261d06d3fc26d04d378aac4cc1d4,"['EOA', 'FA']",Forwarder
0x58a5258845d901f28081cbbf1fe96b0415543399,"['EOA', 'FA']",Forwarder
0x7f39527461afef37ab4d2ac461dfcb517bc0d4ae,"['EOA', 'FA']",Forwarder
0x639c53f894c74725e93d53347ca2057d290d43bf,['EOA'],Forwarder
0xce2d596f4a498e23c51231904a091f7204c82f1f,"['EOA', 'FA']",Forwarder
0xa7c0ecc82623b7d218c3d15f44ab588ef228ad4b,"['EOA', 'FA']",Forwarder
0xd12056eaa788e086018e3e13f4bce5941e9fa999,"['EOA', 'FA', 'FA']",Forwarder
0xaa2e8819e90e8e820dad637e938c2c56e0163532,"['EOA', 'FA', 'P']",Upgradeable
0x000000000000deab340f067535869a0e5226e58a,['EOA'],Upgradeable
0xc96d42d19e1b9598a6db0b28127a6feb391cfe70,['EOA'],Forwarder
0xc2d6f83810b49e6f98e4c4c42018df4abc94b85c,['EOA'],Forwarder
0xfd7eea107df33d9322c05b8956aed4a5697595b8,"['EOA', 'FA']",Forwarder
0x73309a76722365652a99c79f7b53674113cf3c90,"['EOA', 'FA']",Forwarder
0x93cb48b62651076d5a267e289c15146a3d7c2eff,['EOA'],Upgradeable
0xd4ceee03f3718c9f99dd1fb47b156eda8e31b397,"['EOA', 'FA']",Forwarder
0xe88093230a2b27b1cafe55cd8e6a686af9710b11,['EOA'],Forwarder
0xf4aa40be09de07badf85b9897728f271f7b98574,"['EOA', 'FA']",Upgradeable
0x05e61cd5db2180cca9f31c17c61c934e010e84db,"['EOA', 'FA']",Forwarder
0x7246d8c85e0540d5bb9caaadf0de406c59af5586,"['EOA', 'FA']",Forwarder
0xf3cb03cc6ca2dbb7cd497b282f1ac6b651476c62,"['EOA', 'FA']",Forwarder
0x9a57d981ac7abab8e232e20d052347fdf8236914,['EOA'],Forwarder
0xaff7e60cad458a3aa86e03c6246bccd6cce9c62c,"['EOA', 'FA']",Forwarder
0x16d8cc45c2de5b2f7e51285cd8d330631831f52b,['EOA'],Forwarder
0x08fe6f12a05309b9cf6d57f45c8b8f749eda1a8e,['EOA'],Upgradeable
0x054b09e4c9ac5d4ba7a6f24592b703e660d253d3,"['EOA', 'FA', 'P']",Upgradeable
0x39559fca823e0ffe0b197ad4dec195a58c875092,['EOA'],Forwarder
0xdbfb47a68d5e8f9c1c8b7eeb4e0d5d434b88dbac,['EOA'],Upgradeable
0xec07114252848918467cdfdd7e2101b089dfad6b,['EOA'],Forwarder
0xa9c84c1298d65868e0aab39918484ae8fddb9999,"['EOA', 'FA', 'P']",Upgradeable
0xe3559a643f39c7ba86faaaa5676961132620b21c,"['EOA', 'FA']",Forwarder
0xe10484fa4760a7bb196b5d4ef83703e9c158c221,"['EOA', 'FA']",Forwarder
0x34f3c739fda443997b5b2cac9cb42e448b28d45d,['EOA'],Forwarder
0x5b0e731490c8b35063a732cadc8fad3011ce8b8b,"['EOA', 'FA', 'P']",Upgradeable
0x61047d5b928661c767884bbaae300d28c574c832,"['EOA', 'FA']",Forwarder
0xbe1e619cd7fe5c108909f6a1928e44d2ba1c213b,"['EOA', 'FA']",Forwarder
0x5498fe27fa8d045ec8b0c5afa146781f9a8abd47,"['EOA', 'FA']",Forwarder
0xb0003eb166654f7e57c0463f8d1a438eb238c490,['EOA'],Upgradeable
0x48601c8c2a725c134c0657f6083c68bfe58711d4,"['EOA', 'FA']",Forwarder
0xe4a6b00b2f6b543c364fef5f15825203eb1bf37a,['EOA'],Forwarder
0x4433cf6f3f640d9659764a18db38aed7f3b08ff2,['EOA'],Forwarder
0xbcc0ce46ddc14f9df9acbb2122e69119b27276a8,['EOA'],Forwarder
0x91763b0402b831d41ede8be1895daefc6db1baf1,['EOA'],Forwarder
0x25f08f10df0cc8e263b5af0652420257e17b54e4,"['EOA', 'FA']",Forwarder
0x06da862ff1f794c81c34bb8936801afcf1a42df7,"['EOA', 'FA']",Forwarder
0x698122c9c9665daee2d54619bc1630a4be67bd2a,"['EOA', 'FA']",Forwarder
0x0a72dd638acea605ecb23760c924ed70302eaff8,['EOA'],Upgradeable
0x1f4f90ce822b3837752134d1cab8ed8c876e4a9d,"['EOA', 'FA']",Forwarder
0x6984e15afa0e8963dd7acd3463bc6448c3d6336d,['EOA'],Forwarder
0x7b3b763fd29e4e01efd3a65f9dea746c44b69d6d,['EOA'],Upgradeable
0x31f2bebb280ec5618a8d6a346ade42f7a0e9edef,['EOA'],Forwarder
0x06d68c5f5d611c0868b9c7222476a0bdc167b319,"['EOA', 'FA']",Forwarder
0xeea0f1a1535918aaf7e3fc5dd14e31bb619f0856,"['EOA', 'FA', 'P']",Upgradeable
0x1f31636be569701a1b7c43d35035eb4946e4ea21,['EOA'],Forwarder
0xaccafa910fe1249fcacabfd447fbbf2a90cd9e47,['EOA'],Forwarder
0xf2ac0a855a07df4a6b1f9d48f3c3d6dce680e8f0,"['EOA', 'FA']",Forwarder
0x4d5c4fb8f21ae8520bcebd3115de4ef27d86baf5,"['EOA', 'FA']",Forwarder
0xbd0033d2841be99d77b6838037be796650d6947c,"['EOA', 'FA']",Forwarder
0x315fe33ab4b53caaf5dd0f35b34d3cc3d285a161,"['EOA', 'FA']",Forwarder
0x4ad2163ad01a797bd33381ef49dc7ccb7667e9f8,['EOA'],Upgradeable
0x8a95453170615f5d7ed93a86aa27a66942e98f6d,['EOA'],Upgradeable
0x009f92ca71990df098431ce69320d9ec59f7ae12,['EOA'],Forwarder
0x1337def1b1ae35314b40e5a4b70e216a499b0e37,['EOA'],Upgradeable
0x8d235149a2948006bc59c2455ee6569e07de1f25,['EOA'],Forwarder
0x209ce666978779756ae1e747608cd93e4dff45fd,['EOA'],Forwarder
0x70a580e1fecd70e8cf745df743e3d5eb807e8e4a,"['EOA', 'FA']",Forwarder
0x716b88082ce52c97fb5aaead02bb7d333f74732f,['EOA'],Upgradeable
0xe716099c341e680a98ed49a6153a7e4260d8d8d1,"['EOA', 'FA', 'P']",Upgradeable
0xa298d39715ae492e4caf3ccb33cbf57abc5238d7,['EOA'],Upgradeable
0x6d95680bfb16af25e7fdad2912391db57600dd7f,"['EOA', 'FA']",Forwarder
0x4107b4734d7f11944576e7150f40cab5fa8a0b92,"['EOA', 'FA']",Forwarder
0xed6f47557e5d7a91caf55f82263ba20d2673cdec,"['EOA', 'FA', 'P']",Upgradeable
0x7838e940473a5ad62535d25afc06a6bc5d7d41d6,"['EOA', 'FA']",Forwarder
0x8cb0a54e8fd68f722828da19488970a73c7d4bae,"['EOA', 'FA']",Forwarder
0x7c5995cf2208e6bf0d76a7a845a9912347981be9,"['EOA', 'FA']",Forwarder
0x0b6205b4ab37767a7f0a7763d63b4c093aa18cc4,"['EOA', 'FA', 'P']",Upgradeable
0x282fadf85ad6bf2ec2626d364eacc7b6b9ab7983,['EOA'],Upgradeable
0x3290822745a3597d55fe98ccb4cf94e005b7999d,"['EOA', 'FA']",Forwarder
0x16310fa4d4540493b7a67a37967ba93c540c7c0d,"['EOA', 'FA', 'P']",Forwarder
0x96246a46548acf22bede63e4c328b325bc7fcc64,['EOA'],Upgradeable
0xece0731756ab28e18c0c30b4c112501df5df81ec,['EOA'],Upgradeable
0x071eda61328a4f10227db3af6d31bbfe858c0821,"['EOA', 'FA']",Forwarder
0x50e1c70b9495b951d1767410d0b8ca3407ff8561,"['EOA', 'FA', 'P']",Upgradeable
0xb2189b1fe4c88a6442b6dfc5d49e9eb3391fabef,['EOA'],Upgradeable
0xb7097aba703d1f79843b343c90dd3c663268d09b,"['EOA', 'FA', 'P']",Upgradeable
0xfb0debcd4f59561d7c4d7d96204584447cf5efbf,['EOA'],Upgradeable
0x8714d414d05e829e41e653da33c84b33b0b11b18,"['EOA', 'FA', 'P']",Upgradeable
0xa7dd65742ef9808bfb8043c9b5591a89fa2d83ad,"['EOA', 'FA', 'P']",Upgradeable
0x3f66867b4b6eceba0dbb6776be15619f73bc30a2,['EOA'],Upgradeable
0xd9c21028be5c4ad5227d40e75e9f11573a270875,['EOA'],Forwarder
0x11dd0d4a92d34ae3cdcd56998d68884d225a9768,['EOA'],Upgradeable
0xce47a2e067f7f645d4ecc7a3d755c84d8f79fbcf,"['EOA', 'FA']",Forwarder
0xdb67a8ac2c231e0a181ef8d808e01239e5d97f6b,['EOA'],Forwarder
0x82045d4070a422b42bcf31ff2812b1272f4c16e8,"['EOA', 'FA']",Forwarder
0xe8e0435d3c0774868ea6530e47e620777e9efefc,"['EOA', 'FA']",Forwarder
0x29eccbfa28424729d0e364d117969f1543d594b8,"['EOA', 'FA']",Forwarder
0x0adf12ea3593008f67a33eee329a223fc97c5339,"['EOA', 'FA', 'P']",Upgradeable
0x4cb94438ebe587f718b0cebae40882328dfbdbc3,['EOA'],Forwarder
0xc04086c5bacdcc1dda8ff805d28baa9ba0195e79,"['EOA', 'FA']",Forwarder
0x1249dec0970c4b4faf048b93d978f8907b7b3f02,"['EOA', 'FA']",Forwarder
0x5eabd8c0b0f4b95b46149d767b9c992e2e6ac0df,"['EOA', 'FA', 'P']",Upgradeable
0xdece9ad603705034114f30f6d86b0a6c775ca9a8,"['EOA', 'FA', 'P']",Forwarder
0xac99eeef792f66cd0c079bd30d9fa22469da8a5d,"['EOA', 'FA']",Forwarder
0xa4d9f597d3ff9c2094976201de1cc6048f958985,['EOA'],Forwarder
0x2ac5702f0cb3db69025ecfc10e5b5ad716ebdf76,['EOA'],Forwarder
0x29af2c4ff639d32e2a1e6109bd2e05cbb34e74bc,['EOA'],Upgradeable
0x6a7dc8248f6a643c37ad98c4e929b79b293406be,"['EOA', 'FA', 'P']",Upgradeable
0x666bc216c5f3beb985a31edd300ee4cbba41d7d7,"['EOA', 'FA']",Forwarder
0x956508410ec66573c2b005f4181ab6251b8a179f,"['EOA', 'FA']",Forwarder
0x4a4fce1ca279849a5d1727910b6c4cd815afe599,['EOA'],Forwarder
0x118d986d6681e8ebf793711621a11f0b86e2d963,['EOA'],Forwarder
0x275d5d1a8f887b63e7c6f6a5ca5f0b0af4826a62,['EOA'],Upgradeable
0xd1df8836af6ed6ab7dcbbe3039250b938e3edeff,"['EOA', 'FA', 'P']",Forwarder
0x964a2e295ce2d59cc9251c3051aa64052643fb35,"['EOA', 'FA', 'P']",Upgradeable
0x35d42c62d46f1ba7a008df4dd14176187f4b3626,['EOA'],Upgradeable
0x45e50c19849c02a97d0ec934feb767d15f3fecc2,"['EOA', 'FA']",Forwarder
0xdf88674a60d2fc71ce38b9ac2035c8199fcb34c5,['EOA'],Forwarder
0xf4d615d48108b40e9b3fbed265c7b8de4b6ab6c9,['EOA'],Forwarder
0x08b145035fba2e06ba218a75771ee410e69f771f,['EOA'],Forwarder
0xf29ff96aaea6c9a1fba851f74737f3c069d4f1a9,"['EOA', 'FA']",Forwarder
0x311608b33bf619be9f1c9da5b15dadb7e7800b63,"['EOA', 'FA']",Forwarder
0xe22b848a293e991b0a00d96b79c719525d78ec9d,['EOA'],Forwarder
0x1e56e5a7a26509fb6e9b6cd1f787ba2eacc415d5,"['EOA', 'FA', 'P']",Forwarder
0x9bb73be5e2cae66c9b747aeda93a78524c8a8e81,"['EOA', 'FA']",Forwarder
0x244dbba4b49c2ce5bef0cdedcefcff5a53447e5d,"['EOA', 'FA']",Forwarder
0x588e3c5f6259dd1f903ad8f38168a18f8fb7edd6,['EOA'],Upgradeable
0xc2f1664311b4a253cc789361f4ee4ba85cb272fe,"['EOA', 'FA']",Forwarder
0x06e2f80a1e94f4653eab38ccbefd7e43691e7bad,['EOA'],Forwarder
0x856ab9ce772f2b4cbb781312df89402459d72e44,"['EOA', 'FA']",Forwarder
0x69803dbd642f2c1d10ff5502fb54ec2bb4334e2a,"['EOA', 'FA']",Forwarder
0x43e023f4a891f8e5e4198e760e86c254a93a840f,['EOA'],Upgradeable
0xc5b2f9ab661c485eeb35635d32a1746b6e09601b,"['EOA', 'FA']",Forwarder
0x3b6d3402c09ccd1239d64a3b08c2387abd0cbc79,"['EOA', 'FA', 'P']",Upgradeable
0x45de9eb923503b64e42c5d3bbdf96bef5323a546,"['EOA', 'FA']",Forwarder
0xd72fb6e4ebedc876078cfab63ad1722f11e1045e,['EOA'],Forwarder
0xca48dc04097d1105e860ee322526af2f1b52d1f5,"['EOA', 'FA']",Forwarder
0x2467b5673944151c881c2012657112527e1b8f81,"['EOA', 'FA']",Forwarder
0x7140bf128b9e2d3390af0d2ef5628ee4976b6586,['EOA'],Forwarder
0x7e5097c2bbbb3e2c9cda49c91e3d8a78ba347bb8,"['EOA', 'FA']",Forwarder
0x61b420004cc697382a1d6a8a183a686d04aac118,"['EOA', 'FA']",Forwarder
0x53ef88b596318f3d3c0f5cbfbff5313f220f029c,"['EOA', 'FA', 'P']",Upgradeable
0xb1cecd34930ca10c8ad1fb4d2ccc3b539e55c012,"['EOA', 'FA']",Forwarder
0xdc9f29859362cd68578c55b31d7c24576e4096cb,"['EOA', 'FA']",Forwarder
0xf57f4a5d5a2be9f51e91cee9a994cfdfc969fb13,"['EOA', 'FA', 'P']",Upgradeable
0x0a7f8161605acc552fa38fdb8ee7d8177c9ac22a,['EOA'],Upgradeable
0x0e66c74e28816445bceeb5efab9c18309d41bb6c,"['EOA', 'FA', 'P']",Upgradeable
0x320cd70bb6399475926c64eba66c17b75d094038,['EOA'],Forwarder
0x04d38ed3d9ae6f80858d3305b56e7a6f2d19fea2,['EOA'],Forwarder
0x5ef4c9384d9d7c39cbc12b62e82900042f1205b4,['EOA'],Upgradeable
0xacca2b6c1c0480689e4786a3ebc63fb8599ce2ef,"['EOA', 'FA']",Forwarder
0x1b56422d01e6a6d4f6d693c8dcde8c312fb43d64,"['EOA', 'FA', 'P']",Upgradeable
0xf0b44dc5c9db0a9dbe155b9e923a487986426874,"['EOA', 'FA']",Forwarder
0x4c3a5555f2231a444f6341614a8952dbdbd7c14e,"['EOA', 'FA', 'P']",Upgradeable
0x76cbed9bfb95fedbbc07b49c3a2957a6263f222d,['EOA'],Forwarder
0x4966c9fbefa9a2e676ffd5fd5c528b7b894b4d7c,"['EOA', 'FA']",Forwarder
0x5cb2f04e6a63f38624cfca70955eaf5f215b8f4d,"['EOA', 'FA']",Forwarder
0x4f46d1eeddb24fdb1a79b5aa9b38146c5dd735a5,"['EOA', 'FA', 'P']",Upgradeable
0x9aa0ab4734a213646f833068de9ad646d2f316db,['EOA'],Upgradeable
0x2eb901108d825dc43eb32ce6a113a3846e3cb9cd,['EOA'],Forwarder
0x159dc15b19b8b425e9ab6b5bef2f5515b7410815,['EOA'],Upgradeable
0x2e263f27d510c29f7185f87706bd352b79eb0e5f,['EOA'],Forwarder
0x37b34a343073e708b36981851e53306319b8f8a0,['EOA'],Forwarder
0x83c0dee4d4a085fc7acb29a4a133606840218fc3,"['EOA', 'FA']",Forwarder
0xb4444fa3c42472194c05acbbfc9ff06ce88b18a5,['EOA'],Upgradeable
0x6ac329dd04f181b0ee9c07d181c6f0816932b82e,"['EOA', 'FA']",Forwarder
0x0417912b3a7af768051765040a55bb0925d4ddcf,['EOA'],Upgradeable
0x455c144f3670aa91ec037f62d37c2f960df7bb10,"['EOA', 'FA', 'FA', 'FA', 'FA']",Upgradeable
0xd8e49d892c52a4b2ee62983b7d767e83fdcb162f,"['EOA', 'FA']",Forwarder
0xb9d4024d27783a02802955b756eb1687a6f9f153,"['EOA', 'FA', 'P']",Upgradeable
0xc2ac0fedcd14fc3d93170815069a851e25ae870c,"['EOA', 'FA', 'P']",Upgradeable
0x523702a26f1cf3efbe2aebff4ff0259cd02fe117,"['EOA', 'FA', 'P']",Upgradeable
0x5b1225f7f1985496578fadcc7e6d53b02508a529,"['EOA', 'FA']",Forwarder
0x05f9ab1fdf98869e42bec80fba274c70a2924b2c,"['EOA', 'FA']",Forwarder
0xdcd0cac5e26d34807f339d4b841e57091ce88596,"['EOA', 'FA']",Forwarder
0x1dbd863be69bcfec9bbbaeecc79900a9ada316e2,"['EOA', 'FA']",Forwarder
0x6e9ad475258080da966f54258c024e953b926a9d,['EOA'],Forwarder
0xabadf8984591c2c6a9cf98a26c159c934bb26da6,"['EOA', 'FA', 'P']",Upgradeable
0x7be99fb35a46727a18f4b51d21e13974d77b436e,"['EOA', 'FA']",Forwarder
0x0e9d8e14293dd069690c1addbf51b61b4dca2f96,['EOA'],Upgradeable
0xe8db1afc095743746210b9af7baec391b0e97571,['EOA'],Forwarder
0x9891ced883dbe703265aa67c9c0766897b813ee5,"['EOA', 'P']",Upgradeable
0x53436ac36ec5bcfb9ae49f3a6cd21fab999e2b6e,"['EOA', 'FA']",Forwarder
0x40c115816970a542cbba810b9af919c573d0b8ac,"['EOA', 'FA']",Forwarder
0xea25c9ba435878cec8a5e1c5f573b85cc749be8e,['EOA'],Forwarder
0x8a5f2b79c64ce273c31ced63f7c62613639726b6,"['EOA', 'FA']",Forwarder
0xba18db17b16e1c8517c1db8aecde86a49a560843,"['EOA', 'FA', 'P']",Upgradeable
0x748a8c51f6c7b9a693091464d4c191d61dc00973,"['EOA', 'FA']",Forwarder
0xda25696ddd5120ad1426cd58ff680b9520dad7fb,"['EOA', 'FA']",Forwarder
0x4804328d237985b59853b7a2c824994efed68035,"['EOA', 'FA', 'P']",Upgradeable
0x49a3676fc63842c5061f508d8c0a5c8498b21022,"['EOA', 'FA']",Forwarder
0x425c25dab0e24a7df5965e059b91f778d13968d6,"['EOA', 'FA']",Forwarder
0xcc3551ccddb922dc842a6a093cd9908eeef7a947,"['EOA', 'FA']",Forwarder
0x9586381da8c5476aa26562a7e8ab8b48aea270b1,"['EOA', 'FA']",Forwarder
0xa4b5bf07f9f0300b8190fb7bc6376e86582e3f3e,['EOA'],Forwarder
0x129a619aae318bf34b35b5171685bd659b3ef31d,"['EOA', 'FA']",Forwarder
0x80672bc9a8364a558be99f35c5815450973c704d,['EOA'],Forwarder
0x1a7a399dd6d1601c038d51f1aeb867918c55df92,['EOA'],Upgradeable
0xe439473dfb7f47b7be4e46a2a49a1e7060afa9d7,['EOA'],Forwarder
0x72c1fedbe47cd8245eb9a067ce0ab31256d92626,['EOA'],Forwarder
0xc7103203b15a37d4db1929e32363ac5fe70b5e11,['EOA'],Upgradeable
0x9422c3c36423372e0519ca052f79b0021aa3d7c8,"['EOA', 'FA']",Forwarder
0x73b611832dc7700c242732c65ec47318d4abee82,"['EOA', 'FA']",Forwarder
0x86e117bcd5deb54b79476f24cb474ba5cfd7559c,['EOA'],Upgradeable
0x0fcaf96c6bd34736ecd24e646d7ca0581fae71b2,"['EOA', 'FA']",Forwarder
0xc43fcec50293c8ff9ff71668e08d182af4801ec1,['EOA'],Upgradeable
0x9353ad2b96140ee2dde3ee1b82e9dd04796c765d,['EOA'],Upgradeable
0xc78533691eaa2f1573ff0fcb0cc5ee138dd4ce35,['EOA'],Forwarder
0x263ab9b136582b9660cbefa918095ef9a20938e2,"['EOA', 'FA']",Forwarder
0xc4c2f2c32be6fef942ccd9aa5c121eedc027f347,"['EOA', 'FA', 'P']",Forwarder
0x38c086a7ea2bb827129d4f738e585e37e98f4716,"['EOA', 'FA']",Forwarder
0x390e2837d44c93ce43076c4ab92afee198e43403,['EOA'],Upgradeable
0xc998e3027d26da77295a1a2ebe413201eedd5ea8,"['EOA', 'FA', 'P']",Upgradeable
0xd34c27ab457cc56cc80f48009815cde700515b0e,"['EOA', 'FA', 'P']",Upgradeable
0xd76d442382730e6a24a6d47f5a72bb6d2ea29c4f,"['EOA', 'FA', 'P']",Upgradeable
0x04aa373434d1b9f2df4ec0580d85b5a9da439706,['EOA'],Upgradeable
0x7da95b265dde9b3af50228f3fefa055c081fd368,"['EOA', 'FA']",Forwarder
0xdf5f6a24e6dcf0c97f43f296f21b31660b289c94,['EOA'],Forwarder
0x122a0ec66d513f6123805b6d279142e85f9001d1,"['EOA', 'FA', 'P']",Upgradeable
0xee3768457b23f800aa02ec4e17c7b413bad7ce78,"['EOA', 'P', 'P']",Forwarder
0x4c15bdf71a8e98f7b98ebbf354922b6c20a96237,"['EOA', 'FA']",Forwarder
0x9fe5daf0e83cd41a1acbf23eb42d36ad90b55fc7,"['EOA', 'FA']",Forwarder
0x552035a6a6bff5e2b835de7329fb9827967caa2f,['EOA'],Upgradeable
0x422421f2766dc15e57d07bdcfabb94fad600d053,"['EOA', 'FA']",Forwarder
0x0b8b932f3d2912d8b402730e67b63a0021f80292,['EOA'],Forwarder
0x06168801cd15cc698ac0396eb538c358ebca0664,"['EOA', 'FA']",Forwarder
0xef721045b85d0201d17035b2724f3b0907d0b1bf,"['EOA', 'FA', 'P']",Upgradeable
0x6079b4f0eb199ad89cf6761e2f72f196e95c4ed2,"['EOA', 'FA']",Forwarder
0x1e894ef6274ce7139c0a18dceed0876408cb2de9,['EOA'],Forwarder
0x518040c3937b413cc1bd81500566e8e5fa77533a,"['EOA', 'FA', 'P']",Upgradeable
0xc02b2a14f767badb6c88e5a62187494b79df5fc5,['EOA'],Forwarder
0x24e1cd04bb0dc0d8daebffb8ee811fb955322163,"['EOA', 'FA', 'P']",Forwarder
0xaf20fea14a342cf5e5fb599f10c1eb92b3f34ef2,['EOA'],Forwarder
0xb01127eb5bd025a37b76206f074ec1e4d0b2e169,['EOA'],Upgradeable
0x2df1988b41dcafa3b851b14b1d3c259d67a47ae1,"['EOA', 'FA', 'P']",Forwarder
0x0918c9cd192f696ac8209a266682f6e83a59c910,"['EOA', 'FA', 'P']",Forwarder
0xc8c0ee9dd2161f58c78d0a62a41d10d70e6bf8be,"['EOA', 'FA']",Forwarder
0xde60dd630c82c1b3cecb679c062fd7a0fec46593,"['EOA', 'FA']",Forwarder
0x22f318f9b79c7dbcd4f4627a46d692ae49876d90,"['EOA', 'FA', 'P']",Upgradeable
0x07f89875b1f142abcba60ff1d7fcfb7fe404d4ed,['EOA'],Upgradeable
0x3b6c74d5cf95d208dab0b5dd2bb1cabff39f5ee7,['EOA'],Forwarder
0x9a980718c32b83145d272702084ecb61d430d6b6,"['EOA', 'FA']",Forwarder
0x63c438e178e4c9fa9ce6ef0fd4cf1352aa2df832,"['EOA', 'FA', 'P']",Upgradeable
0x9ae502bfed80a38deebaffb622415d65d16c5011,"['EOA', 'FA', 'P']",Upgradeable
0x7ce782c521578a37be3707783ec72e2d63b230e0,"['EOA', 'FA']",Forwarder
0x54b22d68ea39100527bbd056322d4fe548461863,"['EOA', 'FA']",Forwarder
0x91407e2889917829b1c760839c5930d4c52d2b07,"['EOA', 'FA', 'P']",Upgradeable
0x81662d28ff538ffb6d803bda0a7bad4e146ccfa1,"['EOA', 'FA', 'P']",Upgradeable
0xb53e0eff7af81a7a4f0d1075e3f3a5627986b00c,"['EOA', 'FA']",Forwarder
0x87e63b87d66d8078e52b47ed83fc25987c2f4c47,"['EOA', 'FA']",Forwarder
0x456f7c4edcfe222d7ec7dd2cfd6cd95a7155f985,['EOA'],Upgradeable
0x429d5a5a79bba8e48757a47386ccc22a31a28420,"['EOA', 'FA']",Forwarder
0x975e386410f5044bebb58d7da21b9b43f7cfaf3f,"['EOA', 'FA']",Forwarder
0x7eb058182df7eebd19f60e0e74c19158ed9f5b4b,"['EOA', 'FA', 'P']",Forwarder
0xd2d17ee0aaecb3f8567cef3ec2356f85cf197d22,"['EOA', 'FA']",Forwarder
0x1e1726763988646d7b97f25073ff304e85a87e01,['EOA'],Upgradeable
0xe47c5561b1688e3669cca2dcd55be5abf9ec3887,['EOA'],Upgradeable
0x1d495511cdbe91f58bc6dff56b98983121dbcd5a,"['EOA', 'FA']",Forwarder
0x093646fea404208892cae41c256e0773c242161f,"['EOA', 'FA']",Forwarder
0x5cc8b3fe0a227605d9bc37e8c5741731d1719e2d,"['EOA', 'FA']",Forwarder
0x0231d5b76c609b20714b2cbe0bf17e2ad5903378,"['EOA', 'FA']",Forwarder
0xd55ab337558ccb1b05ca233e50952063cb9e0400,['EOA'],Forwarder
0x65b2061f3f31b83f4ec89f3b4b30c18d54dd3ec3,"['EOA', 'FA']",Forwarder
0xed3febea68bc5ced560e41f88855dc11b8416eca,"['EOA', 'FA']",Forwarder
0x9ed8057f7a1fe5efbb4fdd6a57f8bf919dd68db1,"['EOA', 'FA', 'P']",Upgradeable
0xa52ea548d2967b98d4cdd353bbef748b9dee7d71,"['EOA', 'P']",Upgradeable
0x7d19607411df2596d9d1f36385dcf58c9886af31,['EOA'],Forwarder
0x506a52f826bce70a57388212479ca59bd20c1c39,"['EOA', 'FA']",Forwarder
0xdbf97daededc82c988870738750fca440c7931d9,"['EOA', 'FA']",Forwarder
0x7d583e39a9ac37f52f9628110a00a1d90c8bd875,"['EOA', 'FA', 'P']",Forwarder
0x3d54fe840289a951a9b9ea83b0bc57d0ff05bb99,"['EOA', 'FA']",Forwarder
0xc9facfe4d5d56f4998f1f0180d85dc7593db1f84,"['EOA', 'FA', 'P']",Upgradeable
0x9485c271e433cd18b63b238ae557a94a20397c97,['EOA'],Forwarder
0x7c3734d0f5700d6a4b09e01e15dc19e5074d296e,"['EOA', 'FA', 'P']",Upgradeable
0xe58cd4b63a0cb3db983b1aa46dd62c2e47ed9a63,['EOA'],Forwarder
0xa50ad835ce9d871a840d87afcc7d10b4c64a34ed,"['EOA', 'FA']",Forwarder
0xa2ceb428da590351c5aa10405296352495e97381,['EOA'],Upgradeable
0xe6ee84890478be716850cfe483f2cf4216358315,"['EOA', 'FA']",Forwarder
0x04244909ec1e5766f46500b964b11bbb31dbf9eb,['EOA'],Forwarder
0xe8782942ccde7de14b06889f96842df374a892d5,['EOA'],Upgradeable
0xb9770963532325e4997fae0e531db219e41b448e,"['EOA', 'FA', 'P']",Forwarder
0x2ed3dd75398d7c555b16ed6f2c891e6116e4bea9,"['EOA', 'FA', 'P']",Upgradeable
0x4c6fe2b7f0d82416520ac10696cc16b3f0e48e81,['EOA'],Forwarder
0xa8f8c93941a8010030d16739670cc5f9446c0e7c,['EOA'],Forwarder
0x6dcc7f531b41ac00825fb99b7635672d3b326fe6,['EOA'],Forwarder
0xeed4e5c34e9430eb34f5cfbe79643b5fb4f90404,"['EOA', 'FA', 'P']",Upgradeable
0xebed7ebe7f9e4950c04057bc500a1b776bb9fdbb,"['EOA', 'FA']",Forwarder
0xfc2a666d5b60da4064fc9e5f41e23682ef760c4f,"['EOA', 'FA']",Forwarder
0x5934e506bb3de67b9a452dcbccd4cfb0f134682c,"['EOA', 'FA', 'P']",Upgradeable
0x0e033c695bac012da92ad8c6af7d083361c429e5,"['EOA', 'FA', 'P']",Upgradeable
0x54190930e5e13f099b67f5e554575fedac24d123,"['EOA', 'FA']",Forwarder
0xed7e37394bf120e5b174bc431b096d214d09ff27,['EOA'],Upgradeable
0x635c30a755c122c659a6d39f8a799547ed31725d,"['EOA', 'FA']",Forwarder
0x1ea3a9d087442bebe9262e7f37ebddb9abb6f764,"['EOA', 'FA']",Forwarder
0x38054f936fa8f7cad6212ee9e61adad924896589,['EOA'],Upgradeable
0xa9d0e0cecdf1645ee8eaa5f78a8214bf39b709c5,"['EOA', 'FA']",Forwarder
0x0a231c0e10134d8f714751c0f516cbe78bcbf013,['EOA'],Forwarder
0x80931f3ad61bc2a46065d8359e2e004ac0cd9f04,"['EOA', 'FA']",Forwarder
0x7bf125527a185d2c0990cb8254dabe0b866df15a,"['EOA', 'FA']",Forwarder
0x12ffe140157b8ee9654fb0c6b9780a3f394e563f,"['EOA', 'FA']",Forwarder
0xb319ddfadac89a05e3013f8c2194a2fb5d0c5012,['EOA'],Forwarder
0xc43db2acbd9e7812661d99600b5d4d503366ddd0,"['EOA', 'FA']",Forwarder
0x4f6a16ee73aa3bbcf6fbd2cebab589a27941d174,"['EOA', 'FA', 'P']",Upgradeable
0x4b69feeff68884ac1cf2a3c43a907e1625dfa7d7,['EOA'],Forwarder
0x34b3bbce4e11e575ce32c91f628cc4a26fdf7907,['EOA'],Forwarder
0x9eb4f1bb44b7a6c7f51cd329ac318c5d698dd5c1,"['EOA', 'FA', 'P']",Upgradeable
0x60d3a73334e403b34fa50d44530fc7fac6afed80,"['EOA', 'FA', 'P']",Upgradeable
0x99ce277a69e399cf0b6a48496b0fab11ad321522,"['EOA', 'FA', 'P']",Upgradeable
0x593c73206180492eb955391ea6d6ac5da5b16a7b,['EOA'],Forwarder
0xd0f116ed682f24a2c17f8358ab30f8e9390ce790,"['EOA', 'FA']",Forwarder
0x704a32f5ae95b3c13410ebb68a99f722d2751a89,['EOA'],Forwarder
0xd39a7790c543995eeec67912c6ae00e15f20ebb2,"['EOA', 'FA']",Forwarder
0xc3944dbac18b7c66de40d0665f49d993e3050e8f,"['EOA', 'FA']",Forwarder
0x4fc16de11deac71e8b2db539d82d93be4b486892,['EOA'],Upgradeable
0xa906fe0ec3e85960ec364d9602f9ede458471384,"['EOA', 'FA']",Forwarder
0x19242735ca0fbcf882a1ce13d279fff89ac264f2,"['EOA', 'FA', 'P']",Upgradeable
0xaa94575e6ee941f10b9e9ff868049a16dacfb689,['EOA'],Forwarder
0xf749d8027e26c947f8a8f8536eef56c12dedfe46,['EOA'],Forwarder
0xef6761819a8e6d16b785849c32547b013251ea27,['EOA'],Upgradeable
0x36d6651d7a43fc0416ab6232f08fd9f194e943d5,"['EOA', 'FA', 'P']",Upgradeable
0x3e5796cfc84be639267be3b789dcfe9564a71403,"['EOA', 'FA', 'P']",Upgradeable
0x6a3ae0a2400c44d4d3114c3c1f44845cadc0f2cd,"['EOA', 'FA']",Forwarder
0x6016f7aca4cf65c74d9c5ba313bb74ad6a43d96a,"['EOA', 'FA', 'P', 'P']",Forwarder
0x6a5fc177ea6208c57f8cfbaca009b6d97c868256,"['EOA', 'FA']",Forwarder
0x1ce46c23b91904056e76c8a0c0321eeafae43b5d,"['EOA', 'FA']",Forwarder
0x675d4f4c94672850d1167fe962b5e8a0ee3bd53e,['EOA'],Forwarder
0x5362692010591546846707a41e1bd897740744aa,['EOA'],Forwarder
0x367be0ddac34a579dd608505650cf63f608476b5,['EOA'],Forwarder
0x46dcde86b25a3f3b61eadd6b7225f4e2721c0e23,['EOA'],Upgradeable
0x89a0153153d5ceeb886f6bd39bb4071b2277923b,"['EOA', 'FA']",Forwarder
0x3a46ae865bb515c9be053a50bdfe81f2794b0d9e,"['EOA', 'FA']",Forwarder
0xb00fabf1525463a71988c5ecdda97c306c762d67,['EOA'],Upgradeable
0xfe50b0c135ae1be5d8fea07dc5633441556bcedd,['EOA'],Forwarder
0x1f735530091f8d4a2ac27ddff329521602228b84,['EOA'],Forwarder
0x7329ae367a229cdad0cc61198c3d94cba5a63cff,"['EOA', 'FA', 'P']",Forwarder
0xe8c2a35d5bd61d748f3a62e5ab8b9d536554073d,['EOA'],Forwarder
0xb6ad5818bfa39b9734b6f8f14bdca416db8c786e,"['EOA', 'FA']",Forwarder
0xdfd605b53e7cd053d22b80607165933c5735dca7,"['EOA', 'FA']",Forwarder
0xa3fda2d53ab9b3c219bbe9f7cc3f1bb5b2cea8a3,"['EOA', 'FA']",Forwarder
0xb3bbf79292ad5f469253359b640045c302bdbd78,"['EOA', 'FA']",Forwarder
0x7f68c3906101b947fa918cc36915a622c48ff405,"['EOA', 'FA']",Forwarder
0x6a81bf76ced3a55a500550b1f2cf42c68c513f74,"['EOA', 'FA']",Forwarder
0x6d77fb2bb8d7d9fc66c5e5ab758df382823a9862,['EOA'],Forwarder
0xcd537d88f2f2534597c18f9924332fbbebc435bb,"['EOA', 'FA', 'P']",Forwarder
0xa01f7d8f37e6658e2b74a6a2c3daab9c042aef95,"['EOA', 'FA', 'P']",Upgradeable
0xfa4ca89768dbc975159e81ece13173a0dc274567,"['EOA', 'FA']",Forwarder
0x8cf8cf4d889febca2bd6c07c8f45a8b4e1fa85e8,"['EOA', 'FA', 'P']",Upgradeable
0x3e55e3cd8ddcb17e0603d25a2e89c696cae94df1,"['EOA', 'FA']",Forwarder
0x76e8ee2f47c57ae4775f91e49b3c5c68b3c4d990,['EOA'],Forwarder
0xa97cbe83137f21c41888d4da35c08bdb92ea73a8,"['EOA', 'FA']",Forwarder
0x22c4893734b706c6e06e88c49b48d23d0766c2e0,['EOA'],Forwarder
0xa5331816a70bb46efe964d4f265441e255434f3a,"['EOA', 'FA', 'P']",Upgradeable
0x7fff0326e0de62676f1bf60af435cbe1c7cb1d96,['EOA'],Forwarder
0xa33ed9446bc77fdafd4afef9020f5fc4ce9b1301,['EOA'],Forwarder
0x2bae4b58ea981b2e00f9feda82c2992c22b75d2c,['EOA'],Forwarder
0x011b6e24ffb0b5f5fcc564cf4183c5bbbc96d515,"['EOA', 'FA']",Upgradeable
0x67fc8f6f3202a4b7e7f6aa3ff987953c27fe772c,"['EOA', 'FA']",Forwarder
0x800357f801d7ac88950a6017d502c6f45949398a,['EOA'],Forwarder
0xf2e404571f25775d250a411481c7b7b4304233d0,['EOA'],Forwarder
0xc98e3c97fda9313f6023c7c911e7d5f55719687e,"['EOA', 'FA']",Forwarder
0x930079751d0f4be5ccc18730ebc5e6382c0114ca,"['EOA', 'FA']",Forwarder
0x24aa236de33f2053f710fd6e244c21b89ac437c0,['EOA'],Forwarder
0x954dce38bd93b527f9661ed4ff0f285e3508d0c7,"['EOA', 'P']",Upgradeable
0xd765c7ff8f304e048bf201f0c64c001ba8f05b85,"['EOA', 'FA']",Forwarder
0x2d60008d8bf32c8b74344ba8602a93653b22711e,"['EOA', 'FA']",Upgradeable
0x7e1c0e6d777cb12605908d57538eea38c3fbf35a,"['EOA', 'FA']",Forwarder
0x4e3f1ad7ca1b30abcdc23c21f65fcf7625ab6431,['EOA'],Forwarder
0xbc024c7964bfc1c50ef2c0ce7ea71331f158a43c,"['EOA', 'FA']",Forwarder
0xce2468c8a666e331634d37413546473a6321265b,"['EOA', 'FA', 'P']",Forwarder
0x5cb9ab28652f6946b8f94045f138ac84c70cc000,"['EOA', 'FA']",Forwarder
0xd8a6e41f2eb8800c846512af827f71d21e001843,"['EOA', 'FA', 'P']",Upgradeable
0xbac32ee5579acda55c6a2082c5f0bc7106edd9dc,"['EOA', 'FA']",Forwarder
0xc2de36fc8d16a3bfca50eab550f9cd43430d2092,"['EOA', 'FA', 'P']",Forwarder
0x9142a4be0e76a2cd0f571e0cb2bd57479d33082f,['EOA'],Forwarder
0x6839a40a81322e14f4876e86b3cc24e0675495a7,['EOA'],Upgradeable
0xaeef7905403278a4a2a889f5b6f4a253b010b40b,"['EOA', 'FA', 'P']",Upgradeable
0x98f9772b62fe3061378c1a2a793a6871319ef98a,"['EOA', 'FA', 'P']",Upgradeable
