from_address,pattern,proxy-class
0x52b31e7e0c852c02bf649e25ce4ff2f5131f0b4b,EOA > FA > FA > FA > FA > P,Upgradeable
0x455c144f3670aa91ec037f62d37c2f960df7bb10,EOA > FA > FA > FA > FA > P,Upgradeable
0xbbaff745099019feaf6afd0a5c366ee89790ae7c,EOA > FA > FA > FA > FA > P,Upgradeable
0x87a9a2064974c3d50479ee0e102d984853581ca2,EOA > FA > FA > FA > FA > P,Upgradeable
0x71a05db3446249a44c715f3f862ed75d3bd6df48,EOA > FA > FA > FA > FA > P,Upgradeable
0x77e735a9c46ef3efb354b466cc173e6fdf8565e2,EOA > FA > FA > FA > FA > P,Upgradeable
0x90bb54f3017dac6a31d6c8ef4238518880f420de,EOA > FA > FA > FA > FA > P,Upgradeable
Forwarder,EOA > FA > FA > P,Forwarder
Forwarder,EOA > FA > FA > P,Forwarder
Forwarder,EOA > FA > FA > P,Forwarder
Forwarder,EOA > FA > FA > P,Forwarder
Forwarder,EOA > FA > FA > P,Forwarder
Forwarder,EOA > FA > FA > P,Forwarder
Forwarder,EOA > FA > FA > P,Forwarder
Forwarder,EOA > FA > FA > P,Forwarder
Forwarder,EOA > FA > FA > P,Forwarder
Forwarder,EOA > FA > FA > P,Forwarder
Forwarder,EOA > FA > FA > P,Forwarder
Forwarder,EOA > FA > FA > P,Forwarder
Forwarder,EOA > FA > FA > P,Forwarder
Forwarder,EOA > FA > FA > P,Forwarder
0x72f57569da789730c4fbcbcb5c2815780af69f20,EOA > FA > FA > P,Upgradeable
Forwarder,EOA > FA > FA > P,Forwarder
Forwarder,EOA > FA > FA > P,Forwarder
Forwarder,EOA > FA > FA > P,Forwarder
Forwarder,EOA > FA > FA > P,Forwarder
Forwarder,EOA > FA > FA > P,Forwarder
0x06dda37f1d190d67963091b32392edcb5bad3733,EOA > FA > FA > P,Upgradeable
Forwarder,EOA > FA > FA > P,Forwarder
Forwarder,EOA > FA > FA > P,Forwarder
Forwarder,EOA > FA > FA > P,Forwarder
Forwarder,EOA > FA > FA > P,Forwarder
Forwarder,EOA > FA > FA > P,Forwarder
Forwarder,EOA > FA > FA > P,Forwarder
Forwarder,EOA > FA > FA > P,Forwarder
Forwarder,EOA > FA > FA > P,Forwarder
Forwarder,EOA > FA > FA > P,Forwarder
Forwarder,EOA > FA > FA > P,Forwarder
Forwarder,EOA > FA > FA > P,Forwarder
0xaf1472cdbb912abaa354d6d76a92f451527366ae,EOA > FA > FA > P,Upgradeable
Forwarder,EOA > FA > FA > P,Forwarder
Forwarder,EOA > FA > FA > P,Forwarder
Forwarder,EOA > FA > FA > P,Forwarder
Forwarder,EOA > FA > FA > P,Forwarder
Forwarder,EOA > FA > FA > P,Forwarder
Forwarder,EOA > FA > FA > P,Forwarder
Forwarder,EOA > FA > FA > P,Forwarder
Forwarder,EOA > FA > FA > P,Forwarder
Forwarder,EOA > FA > FA > P,Forwarder
Forwarder,EOA > FA > FA > P,Forwarder
Forwarder,EOA > FA > FA > P,Forwarder
Forwarder,EOA > FA > FA > P,Forwarder
Forwarder,EOA > FA > FA > P,Forwarder
Forwarder,EOA > FA > FA > P,Forwarder
Forwarder,EOA > FA > FA > P,Forwarder
Forwarder,EOA > FA > FA > P,Forwarder
Forwarder,EOA > FA > FA > P,Forwarder
Forwarder,EOA > FA > FA > P,Forwarder
Forwarder,EOA > FA > FA > P,Forwarder
Forwarder,EOA > FA > FA > P,Forwarder
0x4d374735e0cb1b2c6773add9991662333983fd67,EOA > FA > FA > P,Upgradeable
Forwarder,EOA > FA > FA > P,Forwarder
Forwarder,EOA > FA > FA > P,Forwarder
Forwarder,EOA > FA > FA > P,Forwarder
Forwarder,EOA > FA > FA > P,Forwarder
Forwarder,EOA > FA > FA > P,Forwarder
Forwarder,EOA > FA > FA > P,Forwarder
Forwarder,EOA > FA > FA > P,Forwarder
Forwarder,EOA > FA > FA > P,Forwarder
Forwarder,EOA > FA > FA > P,Forwarder
Forwarder,EOA > FA > FA > P,Forwarder
Forwarder,EOA > FA > FA > P,Forwarder
Forwarder,EOA > FA > FA > P,Forwarder
Forwarder,EOA > FA > FA > P,Forwarder
Forwarder,EOA > FA > FA > P,Forwarder
Forwarder,EOA > FA > FA > P,Forwarder
Forwarder,EOA > FA > FA > P,Forwarder
Forwarder,EOA > FA > FA > P,Forwarder
Forwarder,EOA > FA > FA > P,Forwarder
Forwarder,EOA > FA > FA > P,Forwarder
Forwarder,EOA > FA > FA > P,Forwarder
Forwarder,EOA > FA > FA > P,Forwarder
Forwarder,EOA > FA > FA > P,Forwarder
Forwarder,EOA > FA > FA > P,Forwarder
Forwarder,EOA > FA > FA > P,Forwarder
Forwarder,EOA > FA > FA > P,Forwarder
Forwarder,EOA > FA > FA > P,Forwarder
Forwarder,EOA > FA > FA > P,Forwarder
Forwarder,EOA > FA > FA > P,Forwarder
0x1643e812ae58766192cf7d2cf9567df2c37e9b7f,EOA > FA > FA > P,Upgradeable
0x33ba6a0b16750206195c777879edd8706204154b,EOA > FA > FA > P,Upgradeable
Forwarder,EOA > FA > FA > P,Forwarder
Forwarder,EOA > FA > FA > P,Forwarder
Forwarder,EOA > FA > FA > P,Forwarder
Forwarder,EOA > FA > FA > P,Forwarder
Forwarder,EOA > FA > FA > P,Forwarder
Forwarder,EOA > FA > FA > P,Forwarder
0xad6a74993201e4a0e43beebf3a8e3fab4c2eda4e,EOA > FA > FA > P,Upgradeable
Forwarder,EOA > FA > FA > P,Forwarder
Forwarder,EOA > FA > FA > P,Forwarder
Forwarder,EOA > FA > FA > P,Forwarder
Forwarder,EOA > FA > P,Forwarder
Forwarder,EOA > FA > P,Forwarder
Forwarder,EOA > FA > P,Forwarder
Forwarder,EOA > FA > P,Forwarder
Forwarder,EOA > FA > P,Forwarder
Forwarder,EOA > FA > P,Forwarder
Forwarder,EOA > FA > P,Forwarder
Forwarder,EOA > FA > P,Forwarder
Forwarder,EOA > FA > P,Forwarder
Forwarder,EOA > FA > P,Forwarder
Forwarder,EOA > FA > P,Forwarder
Forwarder,EOA > FA > P,Forwarder
Forwarder,EOA > FA > P,Forwarder
Forwarder,EOA > FA > P,Forwarder
Forwarder,EOA > FA > P,Forwarder
Forwarder,EOA > FA > P,Forwarder
Forwarder,EOA > FA > P,Forwarder
Forwarder,EOA > FA > P,Forwarder
0xd85fba197b28b5ad232c81b6e18d8367c96de5d8,EOA > FA > P,Upgradeable
Forwarder,EOA > FA > P,Forwarder
Forwarder,EOA > FA > P,Forwarder
Forwarder,EOA > FA > P,Forwarder
Forwarder,EOA > FA > P,Forwarder
Forwarder,EOA > FA > P,Forwarder
Forwarder,EOA > FA > P,Forwarder
Forwarder,EOA > FA > P,Forwarder
Forwarder,EOA > FA > P,Forwarder
Forwarder,EOA > FA > P,Forwarder
0x9c4479864632456298fd80faec4b0ba94d5e42f0,EOA > FA > P,Upgradeable
Forwarder,EOA > FA > P,Forwarder
Forwarder,EOA > FA > P,Forwarder
Forwarder,EOA > FA > P,Forwarder
Forwarder,EOA > FA > P,Forwarder
Forwarder,EOA > FA > P,Forwarder
Forwarder,EOA > FA > P,Forwarder
Forwarder,EOA > FA > P,Forwarder
Forwarder,EOA > FA > P,Forwarder
Forwarder,EOA > FA > P,Forwarder
Forwarder,EOA > FA > P,Forwarder
Forwarder,EOA > FA > P,Forwarder
Forwarder,EOA > FA > P,Forwarder
Forwarder,EOA > FA > P,Forwarder
Forwarder,EOA > FA > P,Forwarder
Forwarder,EOA > FA > P,Forwarder
Forwarder,EOA > FA > P,Forwarder
Forwarder,EOA > FA > P,Forwarder
Forwarder,EOA > FA > P,Forwarder
Forwarder,EOA > FA > P,Forwarder
0x3908c86aab8ae7334e7f03d4a5897186d34a0fd6,EOA > FA > P,Upgradeable
Forwarder,EOA > FA > P,Forwarder
Forwarder,EOA > FA > P,Forwarder
Forwarder,EOA > FA > P,Forwarder
Forwarder,EOA > FA > P,Forwarder
Forwarder,EOA > FA > P,Forwarder
Forwarder,EOA > FA > P,Forwarder
Forwarder,EOA > FA > P,Forwarder
Forwarder,EOA > FA > P,Forwarder
Forwarder,EOA > FA > P,Forwarder
Forwarder,EOA > FA > P,Forwarder
Forwarder,EOA > FA > P,Forwarder
Forwarder,EOA > FA > P,Forwarder
Forwarder,EOA > FA > P,Forwarder
Forwarder,EOA > FA > P,Forwarder
Forwarder,EOA > FA > P,Forwarder
Forwarder,EOA > FA > P,Forwarder
Forwarder,EOA > FA > P,Forwarder
Forwarder,EOA > FA > P,Forwarder
Forwarder,EOA > FA > P,Forwarder
Forwarder,EOA > FA > P,Forwarder
Forwarder,EOA > FA > P,Forwarder
Forwarder,EOA > FA > P,Forwarder
Forwarder,EOA > FA > P,Forwarder
Forwarder,EOA > FA > P,Forwarder
Forwarder,EOA > FA > P,Forwarder
Forwarder,EOA > FA > P,Forwarder
Forwarder,EOA > FA > P,Forwarder
Forwarder,EOA > FA > P,Forwarder
Forwarder,EOA > FA > P,Forwarder
Forwarder,EOA > FA > P,Forwarder
Forwarder,EOA > FA > P,Forwarder
Forwarder,EOA > FA > P,Forwarder
Forwarder,EOA > FA > P,Forwarder
Forwarder,EOA > FA > P,Forwarder
Forwarder,EOA > FA > P,Forwarder
Forwarder,EOA > FA > P,Forwarder
Forwarder,EOA > FA > P,Forwarder
Forwarder,EOA > FA > P,Forwarder
Forwarder,EOA > FA > P,Forwarder
Forwarder,EOA > FA > P,Forwarder
0x23031b28fc9fb87328c3bc8713a5e00794154037,EOA > FA > P,Upgradeable
0xa7d977ebbf17a139fcd23722fa0fae1098a6a70f,EOA > FA > P,Upgradeable
Forwarder,EOA > FA > P,Forwarder
Forwarder,EOA > FA > P,Forwarder
Forwarder,EOA > FA > P,Forwarder
Forwarder,EOA > FA > P,Forwarder
Forwarder,EOA > PF > P,Forwarder
0xcb806ef516f10b313ce1d88ecdee741751caeeb0,EOA > PF > P,Upgradeable
0x1acc1c757993bba6ada4179c1a49ce596c804215,EOA > PF > P,Upgradeable
Forwarder,EOA > PF > P,Forwarder
Forwarder,EOA > PF > P,Forwarder
Forwarder,EOA > PF > P,Forwarder
Forwarder,EOA > PF > P,Forwarder
0xe18e36846fcc511baa280a75d9c56e9c226a300b,EOA > PF > P,Upgradeable
Forwarder,EOA > PF > P,Forwarder
Forwarder,EOA > PF > P,Forwarder
Forwarder,EOA > PF > P,Forwarder
0x9b91d2f239502f16df3a161b930edcf9c6bdb5ba,EOA > PF > P,Upgradeable
Forwarder,EOA > PF > P,Forwarder
0xdbfd76af2157dc15ee4e57f3f942bb45ba84af24,EOA > PF > P,Upgradeable
Forwarder,EOA > PF > P,Forwarder
0x2887cfab266e5cf992fbef331f7ae1d019e8a29f,EOA > PF > P,Upgradeable
Forwarder,EOA > PF > P,Forwarder
Forwarder,EOA > PF > P,Forwarder
Forwarder,EOA > PF > P,Forwarder
0xd4d4a04a88a2b7c8934e521ae243051a1798beca,EOA > PF > P,Upgradeable
0x8f1f2840030ba767a3138d46c7415905559062b0,EOA > PF > P,Upgradeable
0x4b507c1cf8486fd77d564bd68ce7600ff3639d74,EOA > PF > P,Upgradeable
Forwarder,EOA > PF > P,Forwarder
Forwarder,EOA > PF > P,Forwarder
0xb9b8e9283e729e34974ede2d21d9993cc5124cdc,EOA > PF > P,Upgradeable
Forwarder,EOA > PF > P,Forwarder
0x14b9348280e253b92f7e55af9f375a7f87d1aa64,EOA > PF > P,Upgradeable
Forwarder,EOA > PF > P,Forwarder
Forwarder,EOA > PF > P,Forwarder
0xf117d634117f98b7ba0ded6753b9ae721c877bcb,EOA > PF > P,Upgradeable
Forwarder,EOA > PF > P,Forwarder
Forwarder,EOA > PF > P,Forwarder
0xfb6a20b63fcbd39d30736344d61476f5eb9a8d64,EOA > PF > P,Upgradeable
0xdfb820b95eee42a858f50befbf834d2d24621153,EOA > PF > P,Upgradeable
0x704d4285ce5f118167dd24e052cea0e956ef1d9f,EOA > PF > P,Upgradeable
0x7c3bc3c12ace94a7e070f7fd975da41b835042bd,EOA > PF > P,Upgradeable
Forwarder,EOA > PF > P,Forwarder
0x79f92c6ce61ff0b8061a7d5ccb81489f8da07f10,EOA > PF > P,Upgradeable
0xc7cef997509683095342681f1146a8c9fb8a2788,EOA > PF > P,Upgradeable
Forwarder,EOA > PF > P,Forwarder
Forwarder,EOA > PF > P,Forwarder
0x23f33965877bfce561ab3ea37b54ccdf9a4a4cf5,EOA > PF > P,Upgradeable
0x18cb181f960adae0bb89bf7d2fa7d08681e0a858,EOA > PF > P,Upgradeable
0xdc730ba91153801cce58e0dc17104c1d545a9ada,EOA > PF > P,Upgradeable
0x3eab351f5f89cb2f861193dde4df30cd30e8c3de,EOA > PF > P,Upgradeable
0x83e293589bdc7202fc5c465c70b25cb6bb1f03f2,EOA > PF > P,Upgradeable
Forwarder,EOA > PF > P,Forwarder
Forwarder,EOA > PF > P,Forwarder
0x6e16cdf48b2c00104944f83239d34ee27ba78712,EOA > PF > P,Upgradeable
Forwarder,EOA > PF > P,Forwarder
Forwarder,EOA > PF > P,Forwarder
Forwarder,EOA > PF > P,Forwarder
0xe290360ca3895cf3524120ce36bab26f02cc4e75,EOA > PF > P,Upgradeable
Forwarder,EOA > PF > P,Forwarder
0xf68f8706ce2ef0374a5da09c4ce1dcc74489ab84,EOA > PF > P,Upgradeable
Forwarder,EOA > PF > P,Forwarder
0x323590872a33b91c24aee638241c28cd8ff967ff,EOA > PF > P,Upgradeable
Forwarder,EOA > PF > P,Forwarder
Forwarder,EOA > PF > P,Forwarder
0x07baa98c5cdec970a3a4654f0fbb066404ff5fe0,EOA > PF > P,Upgradeable
0xdb0674e25d18ac7a7098569b2c3096ad2188f115,EOA > PF > P,Upgradeable
Forwarder,EOA > PF > P,Forwarder
Forwarder,EOA > PF > P,Forwarder
0xce2b3615736a1e3aacc8baef3b960bddf217a794,EOA > PF > P,Upgradeable
Forwarder,EOA > PF > P,Forwarder
0x9870204331c5211bdc33f2835e12d667cbd6a500,EOA > PF > P,Upgradeable
Forwarder,EOA > PF > P,Forwarder
Forwarder,EOA > PF > P,Forwarder
0x095c35b4217770893fbb7cf533869afce1b27a78,EOA > PF > P,Upgradeable
Forwarder,EOA > PF > P,Forwarder
Forwarder,EOA > PF > P,Forwarder
Forwarder,EOA > PF > P,Forwarder
0x9b83654edc734ecb9072eb03e70e55813f124c81,EOA > PF > P,Upgradeable
0x4b871567e49ec71bdb5b9b9567a456063390b43d,EOA > PF > P,Upgradeable
Forwarder,EOA > PF > P,Forwarder
0x196fefa7a5eff5b78974b9f894f1501560a48f64,EOA > PF > P,Upgradeable
0xceaf1bf80b117aedb2a2c68ad5ebcfca4479646d,EOA > PF > P,Upgradeable
0x137ce274199a106b1aa3036241d6757c06968c21,EOA > PF > P,Upgradeable
0x73d4862033eb580e7a9c26b637d8087354231ae7,EOA > PF > P,Upgradeable
Forwarder,EOA > PF > P,Forwarder
Forwarder,EOA > PF > P,Forwarder
Forwarder,EOA > PF > P,Forwarder
Forwarder,EOA > PF > P,Forwarder
0xf4fa92c78420f9a770a5b3eee341a5712b885bb1,EOA > PF > P,Upgradeable
Forwarder,EOA > PF > P,Forwarder
0x844d2df4b9e079968f84b0c248dbc4a7dc0e73b7,EOA > PF > P,Upgradeable
Forwarder,EOA > PF > P,Forwarder
0xf031b8099ec3c360488f5d32f1880d6a8059927d,EOA > PF > P,Upgradeable
0x3f5c39658a54f866db4081b10c4964246abe6b06,EOA > PF > P,Upgradeable
0x12d7053efc680ba6671f8cb96d1421d906ce3de2,EOA > PF > P,Upgradeable
Forwarder,EOA > PF > P,Forwarder
0x9042195c2d28b0331dfe1e2d75c4aaaf810d2106,EOA > PF > P,Upgradeable
Forwarder,EOA > PF > P,Forwarder
0x8ceba69a8e96a4ce71aa65859dbdb180b489a719,EOA > PF > P,Upgradeable
0x431698a4bc61c512261fc63add3eb2b0863fa709,EOA > P,Upgradeable
0x3a0b09ce9d02fbd64af8575c823063488b974c56,EOA > P,Upgradeable
Forwarder,EOA > P,Forwarder
0xe0bca6c40c5b680f21456e7feb15f1326efb69cd,EOA > P,Upgradeable
Forwarder,EOA > P,Forwarder
Forwarder,EOA > P,Forwarder
Forwarder,EOA > P,Forwarder
0x542385100ffc6bf02f661639c2059bab2ae8ad47,EOA > P,Upgradeable
0xcd91538b91b4ba7797d39a2f66e63810b50a33d0,EOA > P,Upgradeable
Forwarder,EOA > P,Forwarder
Forwarder,EOA > P,Forwarder
0x30dea2803754423c6619aae368c459a52c846487,EOA > P,Upgradeable
0xf27747adcfd27e873dcdb4bf82833a0f6d493a12,EOA > P,Upgradeable
Forwarder,EOA > P,Forwarder
0x8373fb8e59e63e26175279e8c27ed89aa8c5eb7f,EOA > P,Upgradeable
0x1ddb9a1f6bc0de1d05ebb0fda61a7398641ae6be,EOA > P,Upgradeable
Forwarder,EOA > P,Forwarder
Forwarder,EOA > P,Forwarder
Forwarder,EOA > P,Forwarder
Forwarder,EOA > P,Forwarder
0xe2fa197eaa5c726426003074147a08beaa59403b,EOA > P,Upgradeable
Forwarder,EOA > P,Forwarder
Forwarder,EOA > P,Forwarder
Forwarder,EOA > P,Forwarder
Forwarder,EOA > P,Forwarder
Forwarder,EOA > P,Forwarder
Forwarder,EOA > P,Forwarder
Forwarder,EOA > P,Forwarder
0x663afabd4e6eebc04f44708c52f9af835857d711,EOA > P,Upgradeable
Forwarder,EOA > P,Forwarder
Forwarder,EOA > P,Forwarder
0x42aa43b39f4c1c5417007207ef34b009e31c1b4f,EOA > P,Upgradeable
0x2636115bd2e6d58c6c50bebf389b4439ec5637aa,EOA > P,Upgradeable
0x3d7f0f28e1d42082e3de70ec4c9d1d59a07affb9,EOA > P,Upgradeable
0x3364c7360393be43c10a2609ab009d4ffe66e90c,EOA > P,Upgradeable
0x5f7e306c0b484ed13bea0973b6d16afc1b24c80e,EOA > P,Upgradeable
Forwarder,EOA > P,Forwarder
Forwarder,EOA > P,Forwarder
0xaf50fa448ddcd6b44a5f3936e85010a782eeae01,EOA > P,Upgradeable
Forwarder,EOA > P,Forwarder
Forwarder,EOA > P,Forwarder
Forwarder,EOA > P,Forwarder
0xda46c92c13d67a32b65c35720d3cd456e5d96128,EOA > P,Upgradeable
0x47318c3aaa5e8da19765eb07d79d937629017980,EOA > P,Upgradeable
Forwarder,EOA > P,Forwarder
Forwarder,EOA > P,Forwarder
0xa4094f24b60634144585dcffdc5a6113751c5a76,EOA > P,Upgradeable
Forwarder,EOA > P,Forwarder
0xf55041e37e12cd407ad00ce2910b8269b01263b9,EOA > P,Upgradeable
0x3772f40a10120c5d6f17fd973bef48e25bf919c7,EOA > P,Upgradeable
Forwarder,EOA > P,Forwarder
Forwarder,EOA > P,Forwarder
Forwarder,EOA > P,Forwarder
Forwarder,EOA > P,Forwarder
Forwarder,EOA > P,Forwarder
Forwarder,EOA > P,Forwarder
Forwarder,EOA > P,Forwarder
Forwarder,EOA > P,Forwarder
Forwarder,EOA > P,Forwarder
Forwarder,EOA > P,Forwarder
0x9933b0419cfb71791da75ac2dcea952d0875c967,EOA > P,Upgradeable
Forwarder,EOA > P,Forwarder
0x93c3a816242e50ea8871a29bf62cc3df58787fbd,EOA > P,Upgradeable
Forwarder,EOA > P,Forwarder
0xb4e1bba882e1058dc9088c69f26f832394cabc77,EOA > P,Upgradeable
Forwarder,EOA > P,Forwarder
Forwarder,EOA > P,Forwarder
Forwarder,EOA > P,Forwarder
0xbd7e8b9def8cfc1d2dbacedec4c765289f18dd18,EOA > P,Upgradeable
Forwarder,EOA > P,Forwarder
Forwarder,EOA > P,Forwarder
Forwarder,EOA > P,Forwarder
Forwarder,EOA > P,Forwarder
0xea6b7151b138c274ed8d4d61328352545ef2d4b7,EOA > P,Upgradeable
Forwarder,EOA > P,Forwarder
Forwarder,EOA > P,Forwarder
Forwarder,EOA > P,Forwarder
0x57f92c59eb91c4b0db9347bcc338ae21359a0730,EOA > P,Upgradeable
Forwarder,EOA > P,Forwarder
Forwarder,EOA > P,Forwarder
Forwarder,EOA > P,Forwarder
0xbd03e74e01eb67e486613f4cac333f2af6d2ad52,EOA > P,Upgradeable
Forwarder,EOA > P,Forwarder
Forwarder,EOA > P,Forwarder
0x864d335ec403e491b157000ddb92a48c6024df26,EOA > P,Upgradeable
Forwarder,EOA > P,Forwarder
Forwarder,EOA > P,Forwarder
0x48ab5f4478a1b0ddf0e26009ac87c2c77796a0b5,EOA > P,Upgradeable
0xcf4aa42971420dc1343026aa0a57aeab57744b40,EOA > P,Upgradeable
Forwarder,EOA > P,Forwarder
0x4f2c36482c9cecdc5e29332840e5758c61ab58b3,EOA > P,Upgradeable
0x563b973f0c57f5423a171a8975c18f9b604342e2,EOA > P,Upgradeable
Forwarder,EOA > P,Forwarder
Forwarder,EOA > P,Forwarder
Forwarder,EOA > P,Forwarder
